4973167018170	bb4181095241	1	HTTP 404	https://prodenbcdn.azureedge.net/products/4973167018170/main/640/campaign/6a0add24e7b64310f952421d.webp
8809634610096	15e9dbd2f9c9	1	HTTP 404	https://prodenbcdn.azureedge.net/products/8809634610096/main/640/campaign/6a0add3ebc1f3e37e827f832.webp
8857087000599	917224b139e4	1	HTTP 404	https://prodenbcdn.azureedge.net/products/8857087000599/main/640/campaign/69e738eb68185b7a412615a3.webp
8857087000995	4fcbb415959b	1	HTTP 404	https://prodenbcdn.azureedge.net/products/8857087000995/main/640/campaign/6a0adce0bc1f3e2c6027e2bf.webp
8857087001008	436508a488dd	1	HTTP 404	https://prodenbcdn.azureedge.net/products/8857087001008/main/640/campaign/6a054f50c765504a9a638b02.webp
8857087001305	753580e63b5f	1	HTTP 404	https://prodenbcdn.azureedge.net/products/8857087001305/main/640/campaign/6a0adcf3bc1f3e41d927e6a2.webp
8857087001312	3b86285190f1	1	HTTP 404	https://prodenbcdn.azureedge.net/products/8857087001312/main/640/campaign/6a0adcd0e7b6434af9522f49.webp
8857087001329	3273161c0c47	1	HTTP 404	https://prodenbcdn.azureedge.net/products/8857087001329/main/640/campaign/6a0adc96e7b64314015221cf.webp
8857087001336	260fd45b0c20	1	HTTP 404	https://prodenbcdn.azureedge.net/products/8857087001336/main/640/campaign/6a0adcbd5730ebb8b164495c.webp
8857127076522	44a56c04da09	1	HTTP 404	https://prodenbcdn.azureedge.net/products/8857127076522/main/640/campaign/69e73ca7af6a07149ede943b.webp
8857127076539	149b0ffbf792	1	HTTP 404	https://prodenbcdn.azureedge.net/products/8857127076539/main/640/campaign/69e73cc6af6a07f0c6de9a94.webp
8857128820001	76b0aa950238	1	HTTP 404	https://prodenbcdn.azureedge.net/products/8857128820001/main/640/campaign/69e7397caf6a071258de0d9b.webp
8857128820162	55f3fbb38c2e	1	HTTP 404	https://prodenbcdn.azureedge.net/products/8857128820162/main/640/campaign/69e7394868185b01a826260a.webp
8857128820223	2b07dc0807a2	1	HTTP 404	https://prodenbcdn.azureedge.net/products/8857128820223/main/640/campaign/69e7396c0509fcb9c624d50f.webp
8857128820254	e8fc503fed6e	1	HTTP 404	https://prodenbcdn.azureedge.net/products/8857128820254/main/640/campaign/69e7398dcc9d4e3914b30d08.webp
8857128820698	dc893c76d05e	1	HTTP 404	https://prodenbcdn.azureedge.net/products/8857128820698/main/640/campaign/69e73a39af6a07507fde2fc4.webp
8858883536206	04ee8bf6ccf7	1	HTTP 404	https://prodenbcdn.azureedge.net/products/8858883536206/main/640/campaign/69e73cda0509fc9b792563ca.webp
8858883536213	d31acc5d212f	1	HTTP 404	https://prodenbcdn.azureedge.net/products/8858883536213/main/640/campaign/69e73ceb0509fc9cb9256680.webp
8858883536220	012f1cee4fe9	1	HTTP 404	https://prodenbcdn.azureedge.net/products/8858883536220/main/640/campaign/69e9d7fccc9d4e673a22bf15.webp
8858883536237	8aa827b4d58b	1	HTTP 404	https://prodenbcdn.azureedge.net/products/8858883536237/main/640/campaign/69e9d82a5917cb2ea00edef5.webp
8858883536879	45d508efc682	1	HTTP 404	https://prodenbcdn.azureedge.net/products/8858883536879/main/640/campaign/69e73d60af6a071a96deb555.webp
8858883536886	c1ee0d5ee6ca	1	HTTP 404	https://prodenbcdn.azureedge.net/products/8858883536886/main/640/campaign/69e73d39cc9d4e840fb3ab19.webp
8858883536893	105fe5cd5edd	1	HTTP 404	https://prodenbcdn.azureedge.net/products/8858883536893/main/640/campaign/69e73d4d68185b152226cd69.webp
8858883536909	7cde2cc719a0	1	HTTP 404	https://prodenbcdn.azureedge.net/products/8858883536909/main/640/campaign/69e73d8f68185b5c8426d6dd.webp
8858883536916	7f5e60ba29f4	1	HTTP 404	https://prodenbcdn.azureedge.net/products/8858883536916/main/640/campaign/69e73d73cc9d4e4fc2b3b535.webp
8858883536923	107b61eb58c8	1	HTTP 404	https://prodenbcdn.azureedge.net/products/8858883536923/main/640/campaign/69e73d81cc9d4e4a5bb3b701.webp
8859704610051	8ff610813ad7	1	HTTP 404	https://prodenbcdn.azureedge.net/products/8859704610051/main/640/campaign/6a0adfd5c0f95bd5075ef57d.webp
8859736300050	be5d54921e0e	1	HTTP 404	https://prodenbcdn.azureedge.net/products/8859736300050/main/640/campaign/6a0adf65c1f9f04fbea45dce.webp
8859736300067	b4614ec14edb	1	HTTP 404	https://prodenbcdn.azureedge.net/products/8859736300067/main/640/campaign/6a0adf9cc0f95b1c385ee2e9.webp
8859736300074	7534827aae95	1	HTTP 404	https://prodenbcdn.azureedge.net/products/8859736300074/main/640/campaign/6a0adf85b715f3106ecf0fc5.webp
8859736300081	40da51040cc2	1	HTTP 404	https://prodenbcdn.azureedge.net/products/8859736300081/main/640/campaign/6a0adfae8ef080d19d16445c.webp
8859736300104	1e7a05fe8aaf	1	HTTP 404	https://prodenbcdn.azureedge.net/products/8859736300104/main/640/campaign/6a0adf75b715f38de9cf0ac8.webp
8859736300432	3ebd2cc6f27d	1	HTTP 404	https://prodenbcdn.azureedge.net/products/8859736300432/main/640/campaign/6a0adfe58ef08058b11654b0.webp
8859736300500	c673611bd937	1	HTTP 404	https://prodenbcdn.azureedge.net/products/8859736300500/main/640/campaign/6a0adfc1b715f30597cf2413.webp
8859736300531	4f14040ba1bb	1	HTTP 404	https://prodenbcdn.azureedge.net/products/8859736300531/main/640/campaign/6a0adfffb715f31ed3cf3a38.webp
