3616303444136	aaf6a921003e	255	255	4122	2026-09-17
3616303444631	6236aec59199	255	255	4590	2026-09-17
4589546890758	42711e299fa8	300	300	7093	2026-09-17
4589546890765	8e707de06ad2	300	300	5460	2026-09-17
4589546890772	833a6db2aee9	300	300	5920	2026-09-17
4589546890796	9e77e98a7011	300	300	6200	2026-09-17
4589546890925	87568a9bf689	300	300	4770	2026-09-17
4589546891304	24fb32c82298	300	300	4729	2026-09-17
4589546892226	06e53771bdcc	300	300	5715	2026-09-17
4589546892233	f3480782b496	300	300	4954	2026-09-17
4589546892240	9c1139e0546c	300	300	4796	2026-09-17
4589546892257	41c9fac9242a	300	300	4720	2026-09-17
4589546892264	7877d9e1b598	300	300	3470	2026-09-17
4589546892271	8b0f09cf66ba	300	300	4913	2026-09-17
4589546895715	bb734addb286	255	255	5794	2026-09-17
4589546896798	1c9a7607eeaf	300	300	5103	2026-09-17
4589546897122	14fd679625e6	300	300	7465	2026-09-17
4589546897139	7e770490fb92	300	300	7082	2026-09-17
4589546897146	59910d21651c	300	300	5781	2026-09-17
4589546897160	541609686fa3	300	300	4182	2026-09-17
4589546897177	91695ca9393d	300	300	5104	2026-09-17
4589546897184	bc7999249f6c	300	300	6155	2026-09-17
4589546898525	f4e386571392	300	300	2872	2026-09-17
4589546899065	3ac0ed0d86f0	300	300	4115	2026-09-17
4589546899072	5b1dc81a44cd	300	300	3739	2026-09-17
6012026	ceb495f6d409	300	300	7176	2026-09-17
8809437390935	d05bdc91f683	300	300	5746	2026-09-17
8809437394216	b71e0c48f24d	300	300	6080	2026-09-17
8809437396920	e24cc22b2ea8	300	300	4510	2026-09-17
8809664985874	18c91fdd2a97	300	300	7816	2026-09-17
8809664985966	14ecf6aa06e0	300	300	2118	2026-09-17
8809664985980	871386ab6d12	300	300	1982	2026-09-17
8809664985997	6834d194ab0c	300	300	1943	2026-09-17
8809664986000	34515dfcda96	300	300	1929	2026-09-17
8809664986017	bb9287235306	300	300	1890	2026-09-17
8850304002611	effddad16e47	300	300	11353	2026-09-17
8850304105749	c00ccd62c5c6	300	300	11427	2026-09-17
8855539021109	49555deae9b6	300	300	4083	2026-09-17
8859065100970	18175e6616c8	300	300	3786	2026-09-17
8859139110041	a6a05a0cdfe5	300	300	7350	2026-09-17
8859139111017	dfb551d755e0	300	300	10886	2026-09-17
8859139111031	0785ccbcc06f	300	300	10913	2026-09-17
8859708500037	d6cfc09be5f2	300	300	7849	2026-09-17
8859708500617	ff57b96e813d	300	300	5743	2026-09-17
8859708501720	d8bf0a4ea44c	300	300	3821	2026-09-17
8859708501768	42297e0f0927	300	300	8120	2026-09-17
8859708501799	877d6da90308	300	300	7989	2026-09-17
8859708501805	ef21af787be1	300	300	7287	2026-09-17
8859708502383	ab3555ddb5e4	300	300	7387	2026-09-17
8859759340095	6983b6600597	255	255	9147	2026-09-17
